﻿"ID","Image","Name","Categories","Author","Created At","Status","","","","","","","","","","","","","","","","","","",""
"1","https://martfury.test/storage/news/1.jpg","4 Expert Tips On How To Choose The Right Men’s Wallet","Ecommerce, Electronic","System Admin","2022-12-13","Published","","","","","","","","","","","","","","","","","","",""
"2","https://martfury.test/storage/news/2.jpg","Sexy Clutches: How to Buy & Wear a Designer Clutch Bag","Ecommerce, Commercial","System Admin","2022-12-13","Published","","","","","","","","","","","","","","","","","","",""
"3","https://martfury.test/storage/news/3.jpg","The Top 2020 Handbag Trends to Know","Ecommerce, Commercial","System Admin","2022-12-13","Published","","","","","","","","","","","","","","","","","","",""
"4","https://martfury.test/storage/news/4.jpg","How to Match the Color of Your Handbag With an Outfit","Ecommerce, Electronic","System Admin","2022-12-13","Published","","","","","","","","","","","","","","","","","","",""
"5","https://martfury.test/storage/news/5.jpg","How to Care for Leather Bags","Fashion, Electronic","System Admin","2022-12-13","Published","","","","","","","","","","","","","","","","","","",""
"6","https://martfury.test/storage/news/6.jpg","We're Crushing Hard on Summer's 10 Biggest Bag Trends","Fashion, Commercial","System Admin","2022-12-13","Published","","","","","","","","","","","","","","","","","","",""
"7","https://martfury.test/storage/news/7.jpg","Essential Qualities of Highly Successful Music","Ecommerce, Electronic","System Admin","2022-12-13","Published","","","","","","","","","","","","","","","","","","",""
"8","https://martfury.test/storage/news/8.jpg","9 Things I Love About Shaving My Head","Ecommerce, Commercial","System Admin","2022-12-13","Published","","","","","","","","","","","","","","","","","","",""
"9","https://martfury.test/storage/news/9.jpg","Why Teamwork Really Makes The Dream Work","Fashion, Electronic","System Admin","2022-12-13","Published","","","","","","","","","","","","","","","","","","",""
"10","https://martfury.test/storage/news/10.jpg","The World Caters to Average People","Fashion, Electronic","System Admin","2022-12-13","Published","","","","","","","","","","","","","","","","","","",""
"11","https://martfury.test/storage/news/11.jpg","The litigants on the screen are not actors","Ecommerce, Commercial","System Admin","2022-12-13","Published","","","","","","","","","","","","","","","","","","",""
